Source	tags	party	district
Hugo Rautapää	Työmies		
Fritz Geitlin	Uusi Suometar		
SAKARI CASTREN	Helsingin Sanomat		
Kustaa Wilhelm Palmu	Työmies		
Artur Krook	Helsingin Sanomat		
Hugo Karsten	Helsingin Sanomat		
Teodor Homen	Uusi Suometar		
A. Lindfors	Helsingin Sanomat		
T:ri E.	Helsingin Sanomat		
Leo Funtekln	Työmies		
Hemmo Kallio	Uusi Suometar;Helsingin Sanomat;Työmies		
Werner Palmroth	Helsingin Sanomat		
Eugen Wolff	Uusi Suometar		
Hilda Pihlajamäki	Uusi Suometar		
Justus Ripatti	Uusi Suometar;Helsingin Sanomat	Suom.	Mikkelin läänin
Väinö Tanner	Työmies	SDP	Turun läänin pohjoinen
Heikki Renvall	Työmies		
A. Laine	Työmies		
Enrico Ferri	Työmies		
Viktoria Ljungqvist	Uusi Suometar		
Sigurd Rosenberg	Helsingin Sanomat		
Vihtori Peltonen	Uusi Suometar		
Wäinö Hupli	Työmies		
Johan Urho Rantala	Työmies		
Georg Jensen	Uusi Suometar;Helsingin Sanomat		
Kaarlo Heini	Uusi Suometar		
Wilhelmina Santala	Uusi Suometar		
Eino Rautawaara	Helsingin Sanomat;Työmies		
Stella Dina	Helsingin Sanomat		
Emil Heino	Työmies		
Niilo Helander	Uusi Suometar;Helsingin Sanomat		
Aino Liipola	Helsingin Sanomat		
Helmi Lindelöf	Uusi Suometar		
Laine I.	Työmies		
Anna Söderholm	Uusi Suometar		
Ida Haapala	Työmies		
Matti Paasivuori	Työmies	SDP	Viipurin läänin läntinen
Emil Anshelm Mäkelä	Työmies		
Otto Weckuian	Uusi Suometar		
Otto Weckman	Uusi Suometar		
Bertha von	Uusi Suometar		
Sakeus Juuri-Oja	Työmies		
Ingrid Andersson	Helsingin Sanomat		
Dagmar Henriksson	Uusi Suometar		
Atle Wilskman	Helsingin Sanomat		
Katri Räisänen	Työmies		
Maria Söderlund	Työmies		
Wilhelm Rotta	Helsingin Sanomat		
Hilja Liinamaa	Työmies		
Santeri Ingman	Uusi Suometar;Helsingin Sanomat;Työmies		
Sulo Wuolijoki	Työmies	SDP	Hämeen läänin eteläinen
Amanda Tuominen	Työmies		
Anni Huotari	Uusi Suometar;Työmies	SDP	Kuopion läänin läntinen
Toimitus Sirkuskatu	Työmies		
Emil Erikson	Helsingin Sanomat		
Hämeenlinna Jah	Uusi Suometar		
Erkki Pulli	Uusi Suometar		
THEODOR STORM	Uusi Suometar;Helsingin Sanomat		
Matti Rinta	Uusi Suometar		
Lucina Hagman	Uusi Suometar;Helsingin Sanomat	Nuor.	Hämeen läänin eteläinen
Jenny Nuotio	Uusi Suometar		
Juho Laakso	Uusi Suometar;Työmies	SDP	Uudenmaan läänin
Tyyne Halme	Työmies		
Irjö Sirola	Työmies		
Hilma Lundman	Työmies		
Vivi Ruotsalainen	Helsingin Sanomat		
HELGE HARTHAN	Helsingin Sanomat		
Olio Hyyry	Uusi Suometar		
Mikko Knuutila	Helsingin Sanomat	Nuor.	Oulun läänin eteläinen
Signe Berg	Helsingin Sanomat		
Evert Suonio	Helsingin Sanomat		
Petter Ahlgren	Uusi Suometar		
Robert Kajanus	Helsingin Sanomat		
Rafael Karsten	Helsingin Sanomat		
Oskari Laine	Uusi Suometar	Suom.	Uudenmaan läänin
Vihtori Eloranta	Uusi Suometar		
Atte Mantere	Helsingin Sanomat	SDP	Oulun läänin pohjoinen
Anders Donner	Helsingin Sanomat		
Mauri Hellsten	Työmies		
Marta Moretti	Helsingin Sanomat		
Erik Leander	Helsingin Sanomat		
Johan Gustaf Wikström	Uusi Suometar		
Viktor Ekroos	Helsingin Sanomat		
Otto Noro	Työmies		
Erik Byman	Uusi Suometar;Helsingin Sanomat		
Mauri Hartea	Helsingin Sanomat		
Leo Tolstoi	Uusi Suometar;Helsingin Sanomat;Työmies		
Oskar Haka	Helsingin Sanomat		
Johanna Charlotta Oja	Uusi Suometar		
Juho And	Työmies		
Eino Leino	Uusi Suometar;Helsingin Sanomat;Työmies		
Ossian FohströrrTin	Työmies		
Tyyne Vuorijuuri	Työmies		
Gustava Vilhelmina	Helsingin Sanomat;Työmies		
John Grenman	Helsingin Sanomat		
A. Lunden	Helsingin Sanomat		
Ada Negri	Työmies		
Hilma Räsänen	Uusi Suometar;Helsingin Sanomat	SML	Viipurin läänin itäinen
Valter Juva	Uusi Suometar		
Kustaa Emil Aaltonen	Uusi Suometar;Työmies		
Edward Pohjatähti	Työmies		
Juho Riipinen	Työmies		
Kaarle Helin	Uusi Suometar		
Ernst Nordström	Helsingin Sanomat		
Aksel Alanen	Työmies		
Inga Heine	Helsingin Sanomat		
Voitto Eloranta	Työmies	SDP	Hämeen läänin eteläinen
Simo Kaario	Uusi Suometar;Helsingin Sanomat;Työmies		
Vilho Selinhelmo	Työmies		
Anna Talma	Työmies		
Vilhelmina Lampénille	Työmies		
Onni Hallsten	Uusi Suometar;Työmies		
Johanna Constance Nemlanderille	Työmies		
Emil Orädd	Helsingin Sanomat		
Juho Lepistö	Uusi Suometar;Helsingin Sanomat	Suom.	Mikkelin läänin
Alexandra Ahnger	Uusi Suometar		
Ester Lindholm	Helsingin Sanomat		
Oskari Mantere	Helsingin Sanomat		
Vilho Selin	Uusi Suometar		
Edouard Celli	Helsingin Sanomat		
Irene Johansson	Työmies		
Heinrich Heine	Työmies		
A. Ahtio	Työmies		
Edward Valpas	Työmies	SDP	Uudenmaan läänin
Olga Tuhkanen	Työmies		
I. Tyyskä	Helsingin Sanomat		
Helena Makkonen	Työmies		
Johan Kauppinen	Uusi Suometar;Työmies		
Juho Tulikoura	Uusi Suometar	Suom.	Viipurin läänin läntinen
Hilda Flodin	Helsingin Sanomat		
Aksel Castren	Helsingin Sanomat		
A. Luoma	Helsingin Sanomat		
J. Relander	Helsingin Sanomat		
Olga Salo	Uusi Suometar		
Arne Lund	Helsingin Sanomat		
Alexis Gripenberg	Helsingin Sanomat		
Johan Oskari Jokinen	Työmies		
Elsa Kannisto	Työmies		
Richard Calwer	Työmies		
Juho Anders Ahlgrenin	Työmies		
August Lindholm	Työmies		
Johan Viktor Alanko	Uusi Suometar		
A Kj	Uusi Suometar		
Viktor Ahlbercin	Helsingin Sanomat		
Fredrika Karttunen	Uusi Suometar		
Hilma Liima	Helsingin Sanomat;Työmies		
Björnstjerne Björnsonin	Helsingin Sanomat		
Hilma Myöhänen	Työmies		
Helge Hartman	Helsingin Sanomat		
Helmi Tähtinen	Uusi Suometar		
EINO VOIONMAA	Uusi Suometar		
Viktor Saarinen	Uusi Suometar;Työmies		
Ida Kosonen	Työmies		
Juho Taawi Tuoda	Työmies		
Heinrich von	Helsingin Sanomat		
Hilda Tammelo	Työmies		
Heikki Rcnwall	Uusi Suometar		
Eva Lessmann	Helsingin Sanomat		
Arnold Napoleon Eklund	Helsingin Sanomat;Työmies		
August Raatikainen	Helsingin Sanomat	SML	Kuopion läänin läntinen
Emanuel Nurmi	Uusi Suometar;Työmies		
Karolina Eskelln	Helsingin Sanomat		
Otto Sallinen	Uusi Suometar;Työmies		
Hilma Maria	Työmies		
Axel Cedercrentz	Helsingin Sanomat		
Knut Sundman	Helsingin Sanomat		
Heikki Kokko	Työmies		
Aino Kallas	Uusi Suometar;Helsingin Sanomat;Työmies		
Hilja Liima	Työmies		
Malla Mikkola	Työmies		
Hilma Rantanen	Työmies		
Juho Myller	Helsingin Sanomat		
Albin Waljakka	Työmies	SDP	Mikkelin läänin
Robert Blomqvist	Helsingin Sanomat		
Miina Kaipainen	Työmies		
Albert Veltheim	Helsingin Sanomat		
Antti Jokinen	Uusi Suometar;Helsingin Sanomat;Työmies		
Ida Warjoranta	Työmies		
Herman Asikainen	Uusi Suometar		
George Washington	Helsingin Sanomat		
Wäinö Sigfrid Forsströmin	Työmies		
O. Oksanen	Työmies		
Aleksis Kivi	Uusi Suometar;Helsingin Sanomat;Työmies		
Aino Eronen	Työmies		
Herra A.	Helsingin Sanomat		
Anni Collan	Työmies		
Oskari Leiwo	Työmies	SDP	Turun läänin pohjoinen
Fiina Ekman	Työmies		
Tuomas Piispa Ursin	Työmies		
Sjöblom Vaasa	Helsingin Sanomat		
Aleksandra Gripen	Uusi Suometar		
Kusti Salmela	Uusi Suometar		
Väinö Tolkka	Työmies		
Frans Johan Emil Leschin	Työmies		
Lauri Mäkinen	Uusi Suometar		
Einar August Salminen	Työmies		
Laine Häme	Työmies		
Arthur Lindfors	Helsingin Sanomat		
Miina Huttunen	Helsingin Sanomat		
Maikki Friberg	Työmies		
Mandi Lehtosalo	Työmies		
Vilho Sellnheimo	Työmies		
Kaarlo Brofeldt	Helsingin Sanomat		
Akseli Callén- Kalela	Työmies		
Wilhelm Meyer-	Työmies		
Axel F.	Helsingin Sanomat		
Oskar Hakulm	Helsingin Sanomat		
Oskar Nakuikä	Helsingin Sanomat		
Kalle Kiipula	Helsingin Sanomat		
Frans Nuupala	Työmies		
Aleks Koho	Helsingin Sanomat		
Martti Wuori	Uusi Suometar		
Elin Elmgren	Helsingin Sanomat		
Tekla Hult	Uusi Suometar		
JOHANNES BROFELDT	Helsingin Sanomat		
Vilhelm Hjort	Työmies		
Johannes Gummerus	Helsingin Sanomat		
Mandi Terho	Uusi Suometar;Työmies		
Jalo Kalima	Uusi Suometar;Helsingin Sanomat		
Hans Estlander	Helsingin Sanomat		
Knut Hamsun	Helsingin Sanomat;Työmies		
Ragnar Kramer	Helsingin Sanomat		
Hjalmar Nieminen	Uusi Suometar;Työmies		
Hilma Hintsanen	Uusi Suometar		
Henri Casadesus	Helsingin Sanomat		
Helena Braatz	Helsingin Sanomat		
A. Grotenfelt	Uusi Suometar		
Klara Erika Vikström	Helsingin Sanomat;Työmies		
Hilja Pärssinen	Uusi Suometar;Työmies	SDP	Viipurin läänin läntinen
Richard Lindroosin	Uusi Suometar;Työmies		
AXEL R.	Helsingin Sanomat		
Aatto Siren	Työmies	SDP	Uudenmaan läänin
Peräläinen J.	Työmies		
Ossian Fohström	Helsingin Sanomat		
H. Kokko	Helsingin Sanomat		
Sandra Tuupaisen	Helsingin Sanomat		
Jaakko Markkula	Uusi Suometar		
Wäinö Salminen	Uusi Suometar		
ARVID JÄRNEFELT	Uusi Suometar;Helsingin Sanomat;Työmies		
H. Erkko	Helsingin Sanomat		
Henrik Filppulan	Uusi Suometar;Työmies		
Lars Sonck	Helsingin Sanomat		
Kalle Riikola	Helsingin Sanomat		
Juho Kustaa Rantanen	Uusi Suometar;Työmies		
Ernst Wrede	Helsingin Sanomat		
Robert Kajanuksen	Uusi Suometar;Työmies		
Irene Renvall	Uusi Suometar;Helsingin Sanomat		
Onni Talas	Helsingin Sanomat;Työmies		
Josef Hymander	Helsingin Sanomat		
Eliel Saarinen	Helsingin Sanomat		
Wilhelm Rot	Helsingin Sanomat		
Anna-Lisa Pettersson	Helsingin Sanomat		
Selim Palmgren	Uusi Suometar;Helsingin Sanomat;Työmies		
Ester Sofia Andersin	Uusi Suometar		
Amanda Andersson	Työmies		
Emmi Kolehmainen	Työmies		
William Rajala	Työmies		
Juliette Lind	Helsingin Sanomat		
Vihtori Salmi	Työmies		
Erik Alopaeus	Työmies		
Hilda Herrala	Helsingin Sanomat		
Jenny Nyberg	Uusi Suometar		
Signe Kolthoff	Uusi Suometar;Työmies		
Karl Marx	Työmies		
Naema Ericson	Helsingin Sanomat		
Karl Alfred Mattsson	Työmies		
Magnus Enckell	Helsingin Sanomat		
Eero Erkko	Uusi Suometar;Helsingin Sanomat;Työmies	Nuor.	Uudenmaan läänin
Rosa Emilia Laine	Uusi Suometar		
Jarl Lindberg	Helsingin Sanomat		
Edvard Toth	Työmies		
Ella Lilius	Helsingin Sanomat		
Karl Wilh	Työmies		
Petter Parviainen	Uusi Suometar		
Antti Jalava	Työmies		
Yrjö Sirola	Työmies	SDP	Hämeen läänin pohjoinen
Kaarlo Niininen	Uusi Suometar;Työmies		
Hämeenlinna Joh.	Uusi Suometar		
Matilda von	Helsingin Sanomat		
Niklas Wirtasen	Työmies		
Aino Keinänen	Helsingin Sanomat		
Bertha Roos	Uusi Suometar		
Ebba Gisico	Helsingin Sanomat		
Johannes Lundson	Helsingin Sanomat		
Olga Ström	Työmies		
Wäinö Heik	Työmies		
Herman Michelsson	Uusi Suometar		
Oscar Carlsson	Helsingin Sanomat		
Kari Marx	Työmies		
Veikko Korhonen	Työmies		
Väinö Blomstedt	Uusi Suometar		
Carl Lindvall	Helsingin Sanomat		
Otto Nurminen	Uusi Suometar		
Otto Karhi	Uusi Suometar;Helsingin Sanomat	SML	Oulun läänin eteläinen
Armas Lindgren	Uusi Suometar;Helsingin Sanomat		
Juho Rissanen	Työmies		
Anna Hjorth	Helsingin Sanomat		
Nestori Telkkä	Työmies		
Matti Helenius-Seppälä	Työmies		
Bertha Corander	Uusi Suometar;Helsingin Sanomat		
Ida Kanth	Työmies		
Pietari Päivärinta	Työmies		
Alexander Frey	Helsingin Sanomat		
Ester Peltonen	Uusi Suometar		
Ellen Borenius	Helsingin Sanomat		
Artur Bergström	Helsingin Sanomat		
Ida Aalbergin	Uusi Suometar		
Wikeström Turo	Helsingin Sanomat		
Aino Joki	Helsingin Sanomat;Työmies		
Heino Kaski	Uusi Suometar;Työmies		
Ilona Jalava	Uusi Suometar;Helsingin Sanomat		
Mary von Haartman	Uusi Suometar;Helsingin Sanomat		
Henrik Wiktor Merisaari	Työmies		
Heikki Tandefelt	Uusi Suometar;Työmies		
Oskar Merikanto	Uusi Suometar;Helsingin Sanomat;Työmies		
Erkki Melartin	Uusi Suometar;Helsingin Sanomat;Työmies		
Walter Herlin	Helsingin Sanomat;Työmies		
Aleksander Rosenberg	Työmies		
Martti Nuori	Uusi Suometar		
Ellen Ahlqvist	Helsingin Sanomat		
Leo Ehrnrooth	Työmies	RKP	Uudenmaan läänin
Hilma Söderholm	Työmies		
Kustaa Emil Murto	Työmies		
Allan Serlachius	Uusi Suometar;Helsingin Sanomat		
Hasse de	Helsingin Sanomat		
Hilda Närhi	Työmies		
Hilma Kaunisto	Työmies		
Otto Tuominen	Työmies		
Hulda Sofia	Uusi Suometar		
Irene Mendelin	Helsingin Sanomat		
Kalle Heinonen	Työmies		
Frans Lehtonen	Helsingin Sanomat		
Ossian Sivén	Helsingin Sanomat		
Johan Nurminen	Uusi Suometar;Työmies		
Henrit Werner	Työmies		
Tilda Örnberg	Työmies		
Artur Hiisi	Uusi Suometar		
Ida Sepponen	Työmies		
Hilma Nyström	Työmies		
G. Renvall	Helsingin Sanomat		
Kalle Jäntti	Uusi Suometar;Työmies		
Aksel Frlsk	Työmies		
Hugo Simberg	Helsingin Sanomat		
Helena Slrkln	Helsingin Sanomat		
Elli Helander	Työmies		
Kustavi Grotenjelt	Helsingin Sanomat		
Kirsti Suonio	Uusi Suometar		
A. Ojaperä	Helsingin Sanomat		
Augusta Meriläinen	Helsingin Sanomat		
Julius Ailio	Työmies		
Karl Edvard Öhrnberg	Uusi Suometar		
Salomon Kaukonen	Uusi Suometar		
Juhani Aho	Uusi Suometar;Helsingin Sanomat;Työmies		
Kyösti Kallio	Uusi Suometar;Helsingin Sanomat	SML	Oulun läänin eteläinen
Sissi Sironen	Työmies		
Mauri Hailea	Uusi Suometar		
Oskar Kingelinin	Uusi Suometar		
Hjalmar Ekholm	Helsingin Sanomat		
Hellberg Toijala	Helsingin Sanomat		
Ida Aalberg	Uusi Suometar		
Alma Luhtala	Työmies		
Matti Virtanen	Helsingin Sanomat		
Ester Sjöholm	Työmies		
Victor Ek	Uusi Suometar;Helsingin Sanomat		
Wilhelm Brummer	Helsingin Sanomat		
NILS NORELL	Helsingin Sanomat		
Oskari RntaneiL	Helsingin Sanomat		
Helga Sailo	Uusi Suometar;Työmies		
Lauri Ingman	Uusi Suometar	Suom.	Turun läänin pohjoinen
Abel Halme	Uusi Suometar;Työmies		
Amanda Wilhelmina Danielsson	Uusi Suometar		
Tilda Öhrnberg	Työmies		
Artur Hilden	Uusi Suometar		
Satu- Jussi	Työmies		
Axel Parviainen	Helsingin Sanomat		
Wäinö Turunen	Työmies		
Gösta Schatelowitz	Helsingin Sanomat		
Hilda Tihlä	Työmies		
Miina Sillanpää	Uusi Suometar;Työmies	SDP	Uudenmaan läänin
Gustaf Fröding	Työmies		
Oskar Antikainen	Uusi Suometar		
Juho Oskar Viljanen	Helsingin Sanomat		
Kaupunginlääkäri Ernfr	Helsingin Sanomat		
Walter Scott	Uusi Suometar;Työmies		
Olga Salmi	Työmies		
Vilho Selinheimo	Työmies		
Pehr Gadd	Helsingin Sanomat		
Rudolf Jack	Helsingin Sanomat		
Gustaf Oskar Rantala	Työmies		
Amalia Karlsson	Helsingin Sanomat		
Aukusti Simelius	Helsingin Sanomat		
Katri Malinen	Työmies		
Lucrezia Borg	Helsingin Sanomat;Työmies		
Hanna Saikku	Helsingin Sanomat		
Pekka Pennanen	Helsingin Sanomat	Nuor.	Kuopion läänin itäinen
Aino Niemelä	Helsingin Sanomat		
Karl Niininen	Työmies		
Neiti H.	Helsingin Sanomat		
Valborg Florström	Helsingin Sanomat		
Vihtori Kosonen	Työmies		
Sakari Soinne	Helsingin Sanomat		
Samuli Paulaharju	Helsingin Sanomat		
Johan Myntti	Työmies		
Maria Vaittinen	Uusi Suometar		
Lude Latonr	Helsingin Sanomat		
Aatto Sirenin	Työmies		
Aina Niska	Uusi Suometar;Työmies		
Karolina Eskelin	Helsingin Sanomat		
Fredrik Thuring	Helsingin Sanomat		
Hanna Laki	Työmies		
Axel Jägerroos	Uusi Suometar		
Lyydia Joki	Työmies		
Hämeenlinna Johm	Uusi Suometar		
Erika Lovisa Forsgrenille	Helsingin Sanomat;Työmies		
Juho Vesa	Työmies		
Gösta Enckell	Helsingin Sanomat		
Aarni Kouta	Helsingin Sanomat		
Otto Hyyry	Uusi Suometar;Helsingin Sanomat		
Jarl Hagelstam	Helsingin Sanomat		
William Thuring	Helsingin Sanomat		
Paawo Paloheimo	Uusi Suometar		
Ida Saarinen	Työmies		
Wilhelm Jaakkola	Uusi Suometar;Työmies		
Kaapo Murros	Työmies		
Johan Arthur Taimi	Uusi Suometar;Työmies		
Fanni Sola	Työmies		
Juho Oskar Jokinen	Työmies		
ANTTI MIKKOLA	Helsingin Sanomat	Nuor.	Turun läänin eteläinen
Henrit Filppula	Uusi Suometar		
Wilho Sipilä	Uusi Suometar	Suom.	Turun läänin eteläinen
Mami Hailea	Uusi Suometar		
Edit Cajander	Helsingin Sanomat		
Matti Ahola	Helsingin Sanomat		
Heikki Klemetti	Uusi Suometar;Työmies		
Hilda Pynnänen	Työmies		
A. Timonen	Työmies		
Kaarlo Bergbomin	Uusi Suometar;Työmies		
O. Oksa	Työmies		
Juho Rannikko	Uusi Suometar	Suom.	Turun läänin eteläinen
Bertha Boos	Uusi Suometar		
Mauri Hari	Uusi Suometar		
Evelene Lola	Helsingin Sanomat		
Laine L	Työmies		
Jooseppi Rajala	Uusi Suometar;Työmies		
Fiina Pietikäinen	Työmies		
Miina Lindberg	Työmies		
Wilhelm Rothen	Helsingin Sanomat		
Hugo Lilius	Helsingin Sanomat		
Hulda Wilhelmina Lindroos	Uusi Suometar		
Jaakko Kallio	Uusi Suometar;Työmies		
Carl Anton	Helsingin Sanomat		
Kasper Renström	Helsingin Sanomat;Työmies		
Juho Virtanen	Työmies		
Hilda Käkikoski	Uusi Suometar;Helsingin Sanomat;Työmies	Suom.	Uudenmaan läänin
Emil Misander	Uusi Suometar		
O. Mantere	Helsingin Sanomat		
Matti Seppälä	Uusi Suometar;Työmies		
Ants Raudjalg	Helsingin Sanomat		
Friedrich Engels	Työmies		
Ida Aalle	Työmies		
Matti Autio	Työmies		
Heikki Meriläinen	Helsingin Sanomat		
Mauri Kartea	Työmies		
Alfred Casella	Uusi Suometar;Helsingin Sanomat		
Aksel Frtsk	Työmies		
Alarik Emil Sikanen	Työmies		
Fernanda Soretta	Helsingin Sanomat		
Ida Takanen	Työmies		
Birger Halia	Helsingin Sanomat		
August Ramsay	Uusi Suometar;Helsingin Sanomat		
Jalo Erland Anttila	Uusi Suometar		
Georg Estlander	Helsingin Sanomat		
Elin Mali	Helsingin Sanomat		
EINO KALIMA	Uusi Suometar		
Mimmi Lähdeoja	Uusi Suometar		
George Sand	Uusi Suometar		
Yrjö Jahnsson	Työmies		
O. Anttila	Helsingin Sanomat		
Juho Nestor Nurmi	Uusi Suometar;Helsingin Sanomat;Työmies		
Otto Tiuppa	Työmies		
Otto Keto	Uusi Suometar		
Axel Holmström	Helsingin Sanomat		
Abraham Lincolnista	Helsingin Sanomat		
Einar Böök	Työmies		
Ludvig Hjelt	Työmies		
Julia Alina Sjöstedt	Uusi Suometar		
Ilmari Krohn	Uusi Suometar;Helsingin Sanomat		
Vilho Selifheimo	Uusi Suometar		
Robert Blatchford	Työmies		
Juho Mäntylä	Työmies		
Maria Laine	Uusi Suometar;Työmies		
Hilma Tähtinen	Työmies		
Viktor Kujala	Uusi Suometar		
Paavo Cajander	Uusi Suometar		
Asianajaja Ernst	Helsingin Sanomat		
Johanna Constance	Helsingin Sanomat		
Karl Ekman	Helsingin Sanomat		
Lydia Joki	Helsingin Sanomat;Työmies		
Aleksander Heikkinen	Työmies		
Adi Tikkanen	Helsingin Sanomat		
Karl Heli	Työmies		
Karl Saaristo	Helsingin Sanomat;Työmies		
Heikki Kiiskinen	Uusi Suometar;Helsingin Sanomat	SML	Oulun läänin eteläinen
Jalmari Joutsi	Työmies		
Emil Strauss	Työmies		
Eero Kilpi	Uusi Suometar;Helsingin Sanomat		
Jalmari Häkkinen	Helsingin Sanomat		
Juho Ahonen	Työmies		
Akseli Oinola	Työmies		
Vilho Mantere	Työmies		
Robert Turunen	Työmies		
John Lamas	Helsingin Sanomat		
Mikael Soininen	Uusi Suometar	Suom.	Mikkelin läänin
Hilda Tammeio	Työmies		
Nikolai Gerung	Työmies		
Isak Lehtinen	Uusi Suometar;Työmies		
Väinö Meriläinen	Helsingin Sanomat		
Leo Ernrooth	Helsingin Sanomat		
Eero Hyvärinen	Uusi Suometar;Helsingin Sanomat		
Frans Stockmann	Helsingin Sanomat		
Hanna Keto	Helsingin Sanomat		
ARTUR ALLI	Helsingin Sanomat		
Juho Laitinen	Helsingin Sanomat		
Friz Ernst	Työmies		
Ester Mathilda Munsterhjelm	Uusi Suometar		
Jaana Rönty	Uusi Suometar;Helsingin Sanomat		
Harry Althoff	Helsingin Sanomat		
Alvar Renqvist	Uusi Suometar;Helsingin Sanomat		
Fritz Wiik	Helsingin Sanomat		
Vesa Aug	Työmies		
Jonas Castren	Uusi Suometar;Helsingin Sanomat	Nuor.	Viipurin läänin läntinen
Ida Henriksson	Uusi Suometar		
Aukusti Hiltula	Uusi Suometar;Helsingin Sanomat	Suom.	Oulun läänin pohjoinen
O. Oksaaen	Työmies		
Johan Wilhelm Dahl	Uusi Suometar		
J. Vellman	Helsingin Sanomat		
Oskar Hakulin	Helsingin Sanomat		
Minna Canth	Uusi Suometar		
HEIKKI IMPIVAARA	Uusi Suometar		
Einar Höök	Työmies		
Jussi Snellman	Uusi Suometar;Helsingin Sanomat		
Emil Gustafsson	Helsingin Sanomat		
Arvid Grönberg	Uusi Suometar;Helsingin Sanomat		
Ida Rantanen	Työmies		
Emmi Huttunen	Työmies		
Otto Tiupan	Työmies		
Juhani Leppälä	Helsingin Sanomat	SML	Viipurin läänin itäinen
Herman Bahr	Työmies		
Hameenlinna Joh.	Uusi Suometar		
Hilja Liimatainen	Työmies		
Arthur Ferdinand Ikäheimonen	Uusi Suometar		
Johan Järwisen	Helsingin Sanomat		
Kusti Korpela	Työmies		
Maila Mikkola	Uusi Suometar		
Hilja Haahti	Uusi Suometar;Helsingin Sanomat		
Wilho Aaltonen	Uusi Suometar;Työmies		
Helmi Karttunen	Työmies		
Olli Pajari	Uusi Suometar	Suom.	Viipurin läänin itäinen
Anna Parviainen	Uusi Suometar;Työmies		
Erkki Kivijärvi	Helsingin Sanomat		
Sofia Vilhelmina Lundénille	Työmies		
Gunnar Landtman	Helsingin Sanomat		
Erland Aarnio	Työmies		
Artur Hlldén	Uusi Suometar		
Aina Sundström	Työmies		
Axel Gallen	Helsingin Sanomat		
Gustaf Niklander	Helsingin Sanomat		
O. Merikanto	Helsingin Sanomat		
Ernst Nordströmille	Helsingin Sanomat		
Hjalmar Söderberg	Helsingin Sanomat		
Volter Kilpi	Uusi Suometar		
Riikka Laitinen	Työmies		
Juho Snellman	Helsingin Sanomat	Nuor.	Kuopion läänin läntinen
Wilhelm Krag	Helsingin Sanomat		
Valde Hirvikanna	Uusi Suometar		
Niklas Järnefelt	Helsingin Sanomat		
Ida Ekman	Uusi Suometar;Helsingin Sanomat		
Werner Söderhjelm	Helsingin Sanomat		
Fanny Jokinen	Työmies		
Hilda Pynnönen	Työmies		
Helmi Setälä	Helsingin Sanomat;Työmies		
Arthur Sundholmia	Uusi Suometar		
Kalle Tulla	Työmies		
Viktor Rydberg	Uusi Suometar		
T:rl Elmgren	Helsingin Sanomat		
Hilma Mantere	Työmies		
Ernst Borenius	Helsingin Sanomat		
Kaarle Halme	Uusi Suometar;Helsingin Sanomat;Työmies		
KUNO ALFTHAN	Helsingin Sanomat		
T:ri Hans	Helsingin Sanomat		
Emma Taltzman	Helsingin Sanomat		
Atte Franck	Helsingin Sanomat		
Alexis Gripen	Helsingin Sanomat		
Johan Emerik Söderholm	Uusi Suometar		
Anni Swan	Helsingin Sanomat		
Kalle Hämäläinen	Työmies	SDP	Oulun läänin eteläinen
Axel Cedercreutz	Helsingin Sanomat		
Ernst Hedman	Helsingin Sanomat		
Eero Alpi	Uusi Suometar;Helsingin Sanomat;Työmies		
Ingrid Holmberg	Uusi Suometar		
Aina Artukka	Helsingin Sanomat		
Wilho Lindroos	Työmies		
Petter Räisänen	Uusi Suometar		
Anton Edvard Lehtonen	Uusi Suometar		
Ida Aalto	Työmies		
Paul Kempe	Työmies		
Maria Rossi	Uusi Suometar		
Olli Salovaara	Työmies		
Kaarle Kustaa Grönbergin	Työmies		
Juho Myntti	Uusi Suometar;Työmies		
Fredrik Cygnaeus	Helsingin Sanomat		
Kaarlo Bergbom	Uusi Suometar		
Birger Hallman	Helsingin Sanomat		
Hilda Seppä	Helsingin Sanomat		
A. Apostoli	Helsingin Sanomat		
O. Talas	Uusi Suometar;Työmies		
Alma Jokinen	Työmies		
Kaarlo Terhi	Työmies		
August Oikarinen	Työmies		
Johan Alfred Mäkipää	Uusi Suometar;Työmies		
Elli Heinimaara	Työmies		
Alfred Backman	Helsingin Sanomat		
Teppo Raikas	Uusi Suometar		
Vilhelm Hackman	Helsingin Sanomat		
Leo Funtek	Helsingin Sanomat		
Väinö Toikka	Työmies		
Hilda Vanhala	Helsingin Sanomat		
Kalle Kantola	Uusi Suometar;Työmies		
Timo Korpimaa	Työmies		
Otto Kotilainen	Uusi Suometar;Työmies		
Matti Pieti	Helsingin Sanomat		
Wilho Laine	Työmies	SDP	Turun läänin pohjoinen
Maria Helena Sohlmanille	Työmies		
Heikki Ritavuori	Työmies		
Fanny Sofia	Uusi Suometar		
Pekka Leppänen	Helsingin Sanomat	Nuor.	Kuopion läänin itäinen
Esther Malmström	Uusi Suometar		
Juho Torppa	Uusi Suometar	Suom.	Vaasan läänin pohjoinen
Georg Schauman	Helsingin Sanomat		
Hilda Laine	Helsingin Sanomat		
Hilda Hänninen	Työmies		
Ida Oksanen	Työmies		
Yrjö Weil	Helsingin Sanomat;Työmies		
Axel Jflgerroos	Uusi Suometar		
Karl Gahnström	Helsingin Sanomat		
Edla Johanna Katainen	Uusi Suometar		
Johannes Kaipainen	Uusi Suometar		
Pehr Oadd	Helsingin Sanomat		
Ilmari Tähtinen	Työmies		
August Strindberg	Helsingin Sanomat;Työmies		
Toivo Kuula	Uusi Suometar;Työmies		
Kalle Välimäki	Työmies		
Adolf Borgelinin	Työmies		
Karl Gustaf Huurre	Työmies		
A. Kiwi	Työmies		
Ida Argelander	Työmies		
Wilho Reima	Helsingin Sanomat;Työmies	Suom.	Uudenmaan läänin
Oskari Lylykorpi	Työmies		
Anni Ahonen	Työmies		
Lyydia Santanen	Työmies		
Hilda Ihalainen	Työmies		
KUNO ALITHAN	Helsingin Sanomat		
Lyydia Laatikko	Työmies		
Otto Wrede	Helsingin Sanomat		
Sigrid Lindberg	Helsingin Sanomat		
Ellinor Ingman	Helsingin Sanomat		
Tuomas Reinikainen	Helsingin Sanomat		
August Pesonen	Uusi Suometar		
Arno Lund	Helsingin Sanomat		
Kalle Sinivuori	Työmies		
Selma Lagerlöf	Uusi Suometar;Työmies		
Aksel Frisk	Työmies		
Aleksandra Gripenberg	Uusi Suometar		
Mary Lundqvist	Helsingin Sanomat		
Aksel Alanderin	Uusi Suometar;Helsingin Sanomat		
Johannes Pajunen	Työmies		
Mandi Säilä	Työmies		
Alfred Holmström	Helsingin Sanomat		
Sofia Sjöblad	Helsingin Sanomat		
Jalo Järnefelt	Uusi Suometar		
Karl Kautsky	Työmies		
Hannes Ryömä	Työmies		
Frans Heikki Forssellin	Uusi Suometar		
Teodor Munck	Helsingin Sanomat		
Tekla Hultin	Uusi Suometar;Työmies		
Georg Segerstrålen	Helsingin Sanomat		
Ernst Nevalinna	Työmies		
Vilhelm Teodor Rosenqvist	Työmies		
Esther Niska	Työmies		
Juho Kustaa Wirtanen	Uusi Suometar		
Väinö Jokinen	Työmies		
Oscar Wilde	Työmies		
Eliel Mattila	Uusi Suometar;Helsingin Sanomat		
Gabrielle Laulu	Helsingin Sanomat		
Alli Nissinen	Uusi Suometar;Helsingin Sanomat	Nuor.	Kuopion läänin läntinen
Anna Larsson	Helsingin Sanomat		
Alfred Mäkipää	Työmies		
Mikael Nyberg	Uusi Suometar;Helsingin Sanomat		
Otto Tanner	Uusi Suometar;Helsingin Sanomat		
Ida Irene Rönn	Uusi Suometar		
Kurikka Rynnäkkö	Työmies		
Kalle Klinga	Työmies		
Amalia Zimmermann	Helsingin Sanomat		
Rafael Erich	Työmies		
Anders Johan Forsman	Uusi Suometar;Työmies		
Aapeli Nieminen	Uusi Suometar		
Mikko Uotinen	Työmies		
Taneli Nykänen	Uusi Suometar		
Werner Lindbohm	Helsingin Sanomat;Työmies		
Hanna Lalli	Työmies		
August Voutilainen	Uusi Suometar		
Teuvo Pakkala	Uusi Suometar		
Kaapro Jääskeläinen	Työmies		
Väinö Mäkinen	Uusi Suometar;Työmies		
Maiju Seppälä	Uusi Suometar;Työmies		
Carl Söderström	Helsingin Sanomat		
Valter Parwiainen	Uusi Suometar		
Matilda von Troil	Helsingin Sanomat		
Severi Alanne	Helsingin Sanomat		
Hanna Ulu	Työmies		
Antti Ollila	Työmies		
Max Schippel	Työmies		
Kaarlo Tuuli	Helsingin Sanomat		
Henrik Filppula	Helsingin Sanomat;Työmies		
Fridolf Gustafsson	Uusi Suometar	RKP	Uudenmaan läänin
Oskari Salo	Uusi Suometar		
Mandi Hytönen	Helsingin Sanomat		
Uotinen Mikko	Työmies		
Lauri Tuunainen	Helsingin Sanomat		
Antti Eronen	Helsingin Sanomat		
Augusta Soininen	Uusi Suometar		
Wäinö Heikki Hakkarainen	Uusi Suometar;Työmies		
Aksel Hougberg	Työmies		
Fritz Ernst	Työmies		
John Pettersson	Helsingin Sanomat		
Helmi Selin	Helsingin Sanomat		
Albert Edelfelt	Uusi Suometar;Helsingin Sanomat		
Fritz Oeitlin	Helsingin Sanomat		
Maria Niskanen	Helsingin Sanomat		
Laine Fredriksberg	Työmies		
Lauri Lettomäki	Työmies		
Leonid Andrejev	Työmies		
Otto Weekman	Uusi Suometar		
Jaakko Hurtti	Uusi Suometar		
Lilli Högbahl	Uusi Suometar		
Aune Krohn	Uusi Suometar		
Fredrik Cygnaeuksesta	Helsingin Sanomat		
H. Lindroos	Helsingin Sanomat		
Lude Latour	Helsingin Sanomat		
Mary Wood-Allen	Helsingin Sanomat		
Maria Raunio	Uusi Suometar;Työmies	SDP	Vaasan läänin itäinen
Y. Sirola	Työmies		
Augusta Korhonen	Uusi Suometar		
Amanda Mäkinen	Uusi Suometar		
Olga Leino	Työmies		
Hanna LalU	Työmies		
Arvi Jännes	Uusi Suometar		
Gerda Lind	Uusi Suometar;Helsingin Sanomat		
Armas Launis	Uusi Suometar;Helsingin Sanomat		
Herman Lindholm	Työmies		
Emil Artur Bergström	Uusi Suometar;Työmies		
Elvira Willman	Työmies		
Ernst Lampen	Helsingin Sanomat;Työmies		
Kaarle Krohn	Uusi Suometar		
Martti Birckin	Helsingin Sanomat		
Anna Ahlfors	Helsingin Sanomat		
Emil Perttilä	Työmies	SDP	Uudenmaan läänin
Axel Jfigerroos	Uusi Suometar		
Arndt Auwisen	Työmies		
Mikael Johnsson	Helsingin Sanomat		
Jean Sibelius	Helsingin Sanomat		
Lennart Cajander	Uusi Suometar;Helsingin Sanomat		
Aarne Tirronen	Uusi Suometar		
Lars Krogius	Helsingin Sanomat		
Hilma Lassila	Työmies		
Emmy Laine	Työmies		
John Lamus	Helsingin Sanomat		
W. Söderhjelm	Helsingin Sanomat		
Kyösti Järvinen	Työmies		
E Ljungberg	Helsingin Sanomat		
Santeri Alkio	Helsingin Sanomat	Nuor., SML	Vaasan läänin eteläinen
Kaarlo Saarnio	Työmies		
Agnes Poschner	Helsingin Sanomat;Työmies		
Anni Pöysä	Työmies		
Östen Elfving	Helsingin Sanomat		
Kaarlo Nissinen	Työmies		
Alanne Fredriksberg	Työmies		
Ingeborg Maria	Uusi Suometar;Helsingin Sanomat		
Matti Veijalainen	Uusi Suometar;Työmies		
Juho AnderS Ahlgren	Uusi Suometar		
Hilma Siniluoto	Uusi Suometar		
Hannes Nylander	Helsingin Sanomat		
Anna Erene Mäkinen	Uusi Suometar		
Aaro Väänänen	Helsingin Sanomat		
Armas Järnefelt	Uusi Suometar;Helsingin Sanomat		
Eemil Elo	Työmies		
Eero Järnefelt	Helsingin Sanomat		
Taneli Hurri	Uusi Suometar		
Isak Kalliomäki	Uusi Suometar;Työmies		
Oskar Hakuikä	Helsingin Sanomat		
Jalmari Hahl	Uusi Suometar;Helsingin Sanomat;Työmies		
Filip Grönvall	Helsingin Sanomat		
Wilhelmina Korhonen	Uusi Suometar		
Mikko Sipponen	Uusi Suometar	Suom.	Viipurin läänin itäinen
Olli Räsänen	Uusi Suometar		
Wäinö Voionmaa	Uusi Suometar;Työmies		
Frans Oskar Nurmi	Työmies		
Johannes Johansson	Helsingin Sanomat		
Adolf Salonen	Uusi Suometar;Työmies		
Arwi Lindroos	Helsingin Sanomat		
Marcel Casadesua	Uusi Suometar		
Yrjö Veijola	Helsingin Sanomat		
Otto Stenroth	Työmies		
Emil Falck	Uusi Suometar		
Ida Kantanen	Työmies		
W:m Beck	Helsingin Sanomat		
Fiina Nikander	Työmies		
Fredrik Svuren	Helsingin Sanomat		
Ines Alice Lindholm	Uusi Suometar		
Marcel Casadesus	Uusi Suometar;Helsingin Sanomat		
Matti Pesonen	Helsingin Sanomat	Nuor.	Kuopion läänin läntinen